{
	"pools": [
		{
			"rolls": 1,
			"entries": [
				{
					"type": "minecraft:item",
					"name": "minecraft:written_book",
					"functions": [
						{
							"function": "minecraft:set_lore",
							"entity": "this",
							"lore": [
								"",
								{
									"text": "'AKA Nadir guidebook'",
									"color": "#eeeeee",
									"italic": true
								}
							],
							"mode": "replace_all"
						},
						{
							"function": "minecraft:set_components",
							"components": {
								"minecraft:item_name": "[\"\",{\"text\":\"Ars Arcana\",\"italic\":false,\"color\":\"#9933cc\"}]",
								"minecraft:written_book_content": {
									"title": "Ars Arcana",
									"author": "kohara",
									"generation": 3,
									"resolved": true
								},
								"minecraft:max_stack_size": 1
							}
						},
						{
							"function": "minecraft:set_written_book_pages",
							"pages": [
								[["",{"text":"                             ","strikethrough":true},"\n",{"text":"   ","color":"light_purple","bold":true},{"text":" Ars Arcana ","color":"light_purple","bold":true,"underlined":true},"\n",{"text":"       vol. 1.0.0","color":"gold","italic":true},"\n\n",{"text":"                             ","strikethrough":true},"\n\n\n",{"text":" ","bold":true},{"text":"💬","color":"#5865f2","bold":true},{"text":" ","bold":true},{"text":"Discord","color":"#5865f2","click_event":{"action":"open_url","url":"https://discord.gg/kohara"},"hover_event":{"action":"show_text","value":"Click to join!"}},"\n",{"text":" ","bold":true},{"text":"⭐","color":"#ff5e5b","bold":true},{"text":" ","bold":true},{"text":"Ko-Fi","color":"#ff8987","click_event":{"action":"open_url","url":"https://ko-fi.com/kohara"},"hover_event":{"action":"show_text","value":"Support my work!"}},"\n",{"text":" ","color":"dark_gray","bold":true},{"text":"⏺","color":"#17b556","bold":true},{"text":" ","bold":true},{"text":"Modrinth","color":"#21ff79","click_event":{"action":"open_url","url":"https://modrinth.com/datapack/nadir"},"hover_event":{"action":"show_text","value":"Click to visit!"}}]],[["Welcome to ",{"text":"Nadir","color":"dark_purple","bold":true},"! ",{"text":"❤","color":"#731992"},"\n\n",{"text":"Nadir ","color":"dark_purple"},"is a datapack that expands how enchanting works by ",{"text":"rebalancing most vanilla enchantments","italic":true},", ",{"text":"adding some new ones","italic":true},", and most importantly - ",{"text":"reworking the Enchanting Table","italic":true},"."]],[["This book will serve as a ",{"text":"comprehensive guide to everything the pack adds or changes","italic":true},". Just in case you forget and don't want to check the pack's project page.\n\nIf you ever lose it, you can always craft it again by fusing any ",{"text":"Enchanted Book","color":"#ff33cc","bold":true,"hover_event":{"action":"show_item","id":"minecraft:enchanted_book"}}," with ",{"text":"Blaze Powder","color":"#ff9900","bold":true,"hover_event":{"action":"show_item","id":"minecraft:blaze_powder"}},"."]],[["",{"text":"Table of Contents:","bold":true,"underlined":true},"\n\n",{"text":"[","color":"dark_gray","click_event":{"action":"change_page","page":2}},{"text":"2","color":"gray","click_event":{"action":"change_page","page":2}},{"text":"]","color":"dark_gray","click_event":{"action":"change_page","page":2}},{"text":" ","click_event":{"action":"change_page","page":2}},{"text":"Intro","underlined":true,"click_event":{"action":"change_page","page":2}},"\n",{"text":"[","color":"dark_gray","click_event":{"action":"change_page","page":5}},{"text":"5","color":"gray","click_event":{"action":"change_page","page":5}},{"text":"]","color":"dark_gray","click_event":{"action":"change_page","page":5}},{"text":" ","click_event":{"action":"change_page","page":5}},{"text":"Enchanting Table","underlined":true,"click_event":{"action":"change_page","page":5}},"\n",{"text":"[","color":"dark_gray","click_event":{"action":"change_page","page":9}},{"text":"9","color":"gray","click_event":{"action":"change_page","page":9}},{"text":"]","color":"dark_gray","click_event":{"action":"change_page","page":9}},{"text":" ","click_event":{"action":"change_page","page":9}},{"text":"Variables","underlined":true,"click_event":{"action":"change_page","page":9}},"\n",{"text":"[","color":"dark_gray","click_event":{"action":"change_page","page":13}},{"text":"13","color":"gray","click_event":{"action":"change_page","page":13}},{"text":"]","color":"dark_gray","click_event":{"action":"change_page","page":13}},{"text":" ","click_event":{"action":"change_page","page":13}},{"text":"Ench. Changes","underlined":true,"click_event":{"action":"change_page","page":13}},"\n",{"text":"[","color":"dark_gray","click_event":{"action":"change_page","page":17}},{"text":"17","color":"gray","click_event":{"action":"change_page","page":17}},{"text":"]","color":"dark_gray","click_event":{"action":"change_page","page":17}},{"text":" ","click_event":{"action":"change_page","page":17}},{"text":"New Enchants","underlined":true,"click_event":{"action":"change_page","page":17}},"\n",{"text":"   ","click_event":{"action":"change_page","page":18}},{"text":"[","color":"dark_gray","click_event":{"action":"change_page","page":18}},{"text":"18","color":"gray","click_event":{"action":"change_page","page":18}},{"text":"]","color":"dark_gray","click_event":{"action":"change_page","page":18}},{"text":" ","click_event":{"action":"change_page","page":18}},{"text":"Curses","underlined":true,"click_event":{"action":"change_page","page":18}},"\n",{"text":"   ","click_event":{"action":"change_page","page":19}},{"text":"[","color":"dark_gray","click_event":{"action":"change_page","page":19}},{"text":"19","color":"gray","click_event":{"action":"change_page","page":19}},{"text":"]","color":"dark_gray","click_event":{"action":"change_page","page":19}},{"text":" ","click_event":{"action":"change_page","page":19}},{"text":"Enchantments","underlined":true,"click_event":{"action":"change_page","page":19}},"\n",{"text":"[","color":"dark_gray","click_event":{"action":"change_page","page":21}},{"text":"21","color":"gray","click_event":{"action":"change_page","page":21}},{"text":"]","color":"dark_gray","click_event":{"action":"change_page","page":21}},{"text":" ","click_event":{"action":"change_page","page":21}},{"text":"Repair Cost","underlined":true,"click_event":{"action":"change_page","page":21}},"\n",{"text":"[","color":"dark_gray","click_event":{"action":"change_page","page":23}},{"text":"23","color":"gray","click_event":{"action":"change_page","page":23}},{"text":"]","color":"dark_gray","click_event":{"action":"change_page","page":23}},{"text":" ","click_event":{"action":"change_page","page":23}},{"text":"Animal Armor","underlined":true,"click_event":{"action":"change_page","page":23}}]],[["",{"text":" Enchanting Table ","bold":true,"underlined":true}," \n\nNadir reinvents the way the Enchanting Table is interacted with.\n\nFirst off, ",{"text":"there is no GUI for enchanting","color":"dark_red","italic":true},". Instead, interacting with a Table will ",{"text":"bring up a small menu","italic":true},"."]],[["In it you can then either choose to proceed to ",{"text":"enchanting","color":"#d37cff"},", or ",{"text":"dismantle ","color":"#d02b2b"},"the Table.\n\nOnly the ",{"text":"player who placed the Table","underlined":true}," can dismantle it."]],[["Should you choose the '",{"text":"Enchant","color":"#d37cff"},"' option, the menu will change shortly after.\n\nThe 4 numbers at the top stand for ",{"text":"Eterna","color":"#3aff4a","bold":true},", ",{"text":"Quanta","color":"#f94242","bold":true},", ",{"text":"Arcana","color":"#dc66ff","bold":true}," and ",{"text":"Rectification","color":"#ffed89","bold":true},{"text":" ","bold":true},"respectively. ",{"text":"All of them have an effect on the Table's outcome","italic":true},"."]],[["All 4 variables can be modified by ",{"text":"placing different blocks","italic":true}," around the Enchanting Table.\n\nTable's block detection range has also been increased upwards by 1 block, ",{"text":"making it 5x5x3","italic":true},"."]],[["      ",{"text":" Variables ","bold":true,"underlined":true},"\n\n",{"text":"Eterna","color":"#3aff4a"}," is the most basic force, representing the Table's ",{"text":"raw enchanting power","italic":true},".\n\n15 Eterna allows for enchanting at level 30.\n",{"text":" Max value:","bold":true,"underlined":true},{"text":" 30 ","underlined":true},"\n\n",{"text":"[List of blocks that amplify ","color":"gray","hover_event":{"action":"show_text","value":["",{"text":"Bookshelf","bold":true},{"text":",","color":"gray"}," ",{"text":"Lectern","bold":true}," ",{"text":"-","color":"gray"}," ",{"text":"+1","color":"green"}," ",{"text":"(","color":"gray","italic":true},{"text":"max ","italic":true},{"text":"+15","color":"green","italic":true},{"text":")","color":"gray","italic":true},"\n",{"text":"Ender Dragon Head","bold":true}," ",{"text":"-","color":"gray"},{"text":" +5","color":"green"}," ",{"text":"(","color":"gray","italic":true},{"text":"doesn't stack","color":"red","italic":true},{"text":")","italic":true},"\n",{"text":"Sculk","bold":true}," ",{"text":"-","color":"gray"}," ",{"text":"+1","color":"green"}," ",{"text":"(","color":"gray","italic":true},{"text":"max ","italic":true},{"text":"+5","color":"green","italic":true},{"text":")","color":"gray","italic":true},"\n",{"text":"Conduit","bold":true}," ",{"text":"-","color":"gray"}," ",{"text":"+5","color":"green"}," ",{"text":"(","color":"gray","italic":true},{"text":"doesn't stack","color":"red","italic":true},{"text":")","color":"gray","italic":true}]}},{"text":"Eterna","color":"#3aff4a","hover_event":{"action":"show_text","value":["",{"text":"Bookshelf","bold":true},{"text":",","color":"gray"}," ",{"text":"Lectern","bold":true}," ",{"text":"-","color":"gray"}," ",{"text":"+1","color":"green"}," ",{"text":"(","color":"gray","italic":true},{"text":"max ","italic":true},{"text":"+15","color":"green","italic":true},{"text":")","color":"gray","italic":true},"\n",{"text":"Ender Dragon Head","bold":true}," ",{"text":"-","color":"gray"},{"text":" +5","color":"green"}," ",{"text":"(","color":"gray","italic":true},{"text":"doesn't stack","color":"red","italic":true},{"text":")","italic":true},"\n",{"text":"Sculk","bold":true}," ",{"text":"-","color":"gray"}," ",{"text":"+1","color":"green"}," ",{"text":"(","color":"gray","italic":true},{"text":"max ","italic":true},{"text":"+5","color":"green","italic":true},{"text":")","color":"gray","italic":true},"\n",{"text":"Conduit","bold":true}," ",{"text":"-","color":"gray"}," ",{"text":"+5","color":"green"}," ",{"text":"(","color":"gray","italic":true},{"text":"doesn't stack","color":"red","italic":true},{"text":")","color":"gray","italic":true}]}},{"text":"]","color":"gray","hover_event":{"action":"show_text","value":["",{"text":"Bookshelf","bold":true},{"text":",","color":"gray"}," ",{"text":"Lectern","bold":true}," ",{"text":"-","color":"gray"}," ",{"text":"+1","color":"green"}," ",{"text":"(","color":"gray","italic":true},{"text":"max ","italic":true},{"text":"+15","color":"green","italic":true},{"text":")","color":"gray","italic":true},"\n",{"text":"Ender Dragon Head","bold":true}," ",{"text":"-","color":"gray"},{"text":" +5","color":"green"}," ",{"text":"(","color":"gray","italic":true},{"text":"doesn't stack","color":"red","italic":true},{"text":")","italic":true},"\n",{"text":"Sculk","bold":true}," ",{"text":"-","color":"gray"}," ",{"text":"+1","color":"green"}," ",{"text":"(","color":"gray","italic":true},{"text":"max ","italic":true},{"text":"+5","color":"green","italic":true},{"text":")","color":"gray","italic":true},"\n",{"text":"Conduit","bold":true}," ",{"text":"-","color":"gray"}," ",{"text":"+5","color":"green"}," ",{"text":"(","color":"gray","italic":true},{"text":"doesn't stack","color":"red","italic":true},{"text":")","color":"gray","italic":true}]}}]],[["",{"text":"Quanta ","color":"#f94242"},"is the chaos factor, ",{"text":"amplifying the enchanting level by +- half of its value","italic":true},".\n\n50% Quanta can amplify enchanting level by ",{"text":"-25% ","color":"red"},{"text":"~","color":"dark_gray"},{"text":" ","color":"red"},{"text":"25%","color":"green"},".\n",{"text":" Max value:","bold":true,"underlined":true},{"text":" 100% ","underlined":true},"\n\n",{"text":"[List of blocks that amplify ","color":"gray","hover_event":{"action":"show_text","value":["",{"text":"Dragon Head","bold":true}," ",{"text":"-","color":"gray"}," ",{"text":"12%","color":"red"}," ",{"text":"(","color":"gray","italic":true},{"text":"doesn't stack","color":"red","italic":true},{"text":")","color":"gray","italic":true},"\n",{"text":"Wither Skeleton Skull","bold":true}," ",{"text":"-","color":"gray"}," ",{"text":"8%","color":"red"},"\n",{"text":"Other Mob Heads","bold":true}," ",{"text":"-","color":"gray"}," ",{"text":"5%","color":"red"},"\n",{"text":"Sculk Catalyst ","bold":true},{"text":"-","color":"gray"}," ",{"text":"4%","color":"red"}," ",{"text":"(","color":"gray","italic":true},{"text":"stacks twice","color":"red","italic":true},{"text":")","color":"gray","italic":true},"\n",{"text":"Sculk Shrieker","bold":true}," ",{"text":"-","color":"gray"}," ",{"text":"10%","color":"red"}," ",{"text":"(","color":"gray","italic":true},{"text":"doesn't stack","color":"red","italic":true},{"text":")","color":"gray","italic":true},"\n",{"text":"Soul Torch/Lantern","bold":true}," ",{"text":"-","color":"gray"}," ",{"text":"2%","color":"red"},"\n",{"text":"Potted Wither Rose","bold":true}," ",{"text":"-","color":"gray"}," ",{"text":"4%","color":"red"},"\n",{"text":"Ancient Debris","bold":true}," ",{"text":"-","color":"gray"}," ",{"text":"7%","color":"red"},"\n",{"text":"Soul Sand","bold":true}," ",{"text":"-","color":"gray"}," ",{"text":"5%","color":"red"},"\n",{"text":"Potted Torchflower","bold":true}," ",{"text":"-","color":"gray"}," ",{"text":"3%","color":"red"}]}},{"text":"Quanta","color":"#f94242","hover_event":{"action":"show_text","value":["",{"text":"Dragon Head","bold":true}," ",{"text":"-","color":"gray"}," ",{"text":"12%","color":"red"}," ",{"text":"(","color":"gray","italic":true},{"text":"doesn't stack","color":"red","italic":true},{"text":")","color":"gray","italic":true},"\n",{"text":"Wither Skeleton Skull","bold":true}," ",{"text":"-","color":"gray"}," ",{"text":"8%","color":"red"},"\n",{"text":"Other Mob Heads","bold":true}," ",{"text":"-","color":"gray"}," ",{"text":"5%","color":"red"},"\n",{"text":"Sculk Catalyst ","bold":true},{"text":"-","color":"gray"}," ",{"text":"4%","color":"red"}," ",{"text":"(","color":"gray","italic":true},{"text":"stacks twice","color":"red","italic":true},{"text":")","color":"gray","italic":true},"\n",{"text":"Sculk Shrieker","bold":true}," ",{"text":"-","color":"gray"}," ",{"text":"10%","color":"red"}," ",{"text":"(","color":"gray","italic":true},{"text":"doesn't stack","color":"red","italic":true},{"text":")","color":"gray","italic":true},"\n",{"text":"Soul Torch/Lantern","bold":true}," ",{"text":"-","color":"gray"}," ",{"text":"2%","color":"red"},"\n",{"text":"Potted Wither Rose","bold":true}," ",{"text":"-","color":"gray"}," ",{"text":"4%","color":"red"},"\n",{"text":"Ancient Debris","bold":true}," ",{"text":"-","color":"gray"}," ",{"text":"7%","color":"red"},"\n",{"text":"Soul Sand","bold":true}," ",{"text":"-","color":"gray"}," ",{"text":"5%","color":"red"},"\n",{"text":"Potted Torchflower","bold":true}," ",{"text":"-","color":"gray"}," ",{"text":"3%","color":"red"}]}},{"text":"]","color":"gray","hover_event":{"action":"show_text","value":["",{"text":"Dragon Head","bold":true}," ",{"text":"-","color":"gray"}," ",{"text":"12%","color":"red"}," ",{"text":"(","color":"gray","italic":true},{"text":"doesn't stack","color":"red","italic":true},{"text":")","color":"gray","italic":true},"\n",{"text":"Wither Skeleton Skull","bold":true}," ",{"text":"-","color":"gray"}," ",{"text":"8%","color":"red"},"\n",{"text":"Other Mob Heads","bold":true}," ",{"text":"-","color":"gray"}," ",{"text":"5%","color":"red"},"\n",{"text":"Sculk Catalyst ","bold":true},{"text":"-","color":"gray"}," ",{"text":"4%","color":"red"}," ",{"text":"(","color":"gray","italic":true},{"text":"stacks twice","color":"red","italic":true},{"text":")","color":"gray","italic":true},"\n",{"text":"Sculk Shrieker","bold":true}," ",{"text":"-","color":"gray"}," ",{"text":"10%","color":"red"}," ",{"text":"(","color":"gray","italic":true},{"text":"doesn't stack","color":"red","italic":true},{"text":")","color":"gray","italic":true},"\n",{"text":"Soul Torch/Lantern","bold":true}," ",{"text":"-","color":"gray"}," ",{"text":"2%","color":"red"},"\n",{"text":"Potted Wither Rose","bold":true}," ",{"text":"-","color":"gray"}," ",{"text":"4%","color":"red"},"\n",{"text":"Ancient Debris","bold":true}," ",{"text":"-","color":"gray"}," ",{"text":"7%","color":"red"},"\n",{"text":"Soul Sand","bold":true}," ",{"text":"-","color":"gray"}," ",{"text":"5%","color":"red"},"\n",{"text":"Potted Torchflower","bold":true}," ",{"text":"-","color":"gray"}," ",{"text":"3%","color":"red"}]}}]],[["",{"text":"Arcana","color":"#dc66ff"}," is a force of purity, giving the Table chance to roll enchantments twice.\n\n40% Arcana would give the Table a 40% chance to do so.\n",{"text":" Max value:","bold":true,"underlined":true},{"text":" 100% ","underlined":true},"\n\n",{"text":"[List of blocks that amplify ","color":"gray","hover_event":{"action":"show_text","value":["",{"text":"All Candles","bold":true}," ",{"text":"-","color":"gray"}," ",{"text":"1% per candle in a stack","color":"light_purple"},"\n",{"text":"Dragon Head","bold":true}," ",{"text":"-","color":"gray"}," ",{"text":"5%","color":"light_purple"}," ",{"text":"(","color":"gray","italic":true},{"text":"doesn't stack","color":"red","italic":true},{"text":")","color":"gray","italic":true},"\n",{"text":"Dragon Egg","bold":true}," ",{"text":"-","color":"gray"}," ",{"text":"17%","color":"light_purple"}," ",{"text":"(","color":"gray","italic":true},{"text":"doesn't stack","color":"red","italic":true},{"text":")","color":"gray","italic":true},"\n",{"text":"Brewing Stand","bold":true}," ",{"text":"-","color":"gray"}," ",{"text":"5%","color":"light_purple"},"\n",{"text":"Heavy Core","bold":true}," ",{"text":"-","color":"gray"}," ",{"text":"7%","color":"light_purple"},"\n",{"text":"Beacon","bold":true}," ",{"text":"-","color":"gray"}," ",{"text":"10%","color":"light_purple"}," ",{"text":"(","color":"gray","italic":true},{"text":"doesn't stack","color":"red","italic":true},{"text":")","color":"gray","italic":true},"\n",{"text":"Conduit","bold":true}," ",{"text":"-","color":"gray"}," ",{"text":"12%","color":"light_purple"}," ",{"text":"(","color":"gray","italic":true},{"text":"doesn't stack","color":"red","italic":true},{"text":")","color":"gray","italic":true},"\n",{"text":"All Prismarine Blocks","bold":true}," ",{"text":"-","color":"gray"}," ",{"text":"2%","color":"light_purple"},"\n",{"text":"Ancient Debris","bold":true}," ",{"text":"-","color":"gray"}," ",{"text":"2%","color":"light_purple"}]}},{"text":"Arcana","color":"#dc66ff","hover_event":{"action":"show_text","value":["",{"text":"All Candles","bold":true}," ",{"text":"-","color":"gray"}," ",{"text":"1% per candle in a stack","color":"light_purple"},"\n",{"text":"Dragon Head","bold":true}," ",{"text":"-","color":"gray"}," ",{"text":"5%","color":"light_purple"}," ",{"text":"(","color":"gray","italic":true},{"text":"doesn't stack","color":"red","italic":true},{"text":")","color":"gray","italic":true},"\n",{"text":"Dragon Egg","bold":true}," ",{"text":"-","color":"gray"}," ",{"text":"17%","color":"light_purple"}," ",{"text":"(","color":"gray","italic":true},{"text":"doesn't stack","color":"red","italic":true},{"text":")","color":"gray","italic":true},"\n",{"text":"Brewing Stand","bold":true}," ",{"text":"-","color":"gray"}," ",{"text":"5%","color":"light_purple"},"\n",{"text":"Heavy Core","bold":true}," ",{"text":"-","color":"gray"}," ",{"text":"7%","color":"light_purple"},"\n",{"text":"Beacon","bold":true}," ",{"text":"-","color":"gray"}," ",{"text":"10%","color":"light_purple"}," ",{"text":"(","color":"gray","italic":true},{"text":"doesn't stack","color":"red","italic":true},{"text":")","color":"gray","italic":true},"\n",{"text":"Conduit","bold":true}," ",{"text":"-","color":"gray"}," ",{"text":"12%","color":"light_purple"}," ",{"text":"(","color":"gray","italic":true},{"text":"doesn't stack","color":"red","italic":true},{"text":")","color":"gray","italic":true},"\n",{"text":"All Prismarine Blocks","bold":true}," ",{"text":"-","color":"gray"}," ",{"text":"2%","color":"light_purple"},"\n",{"text":"Ancient Debris","bold":true}," ",{"text":"-","color":"gray"}," ",{"text":"2%","color":"light_purple"}]}},{"text":"]","color":"gray","hover_event":{"action":"show_text","value":["",{"text":"All Candles","bold":true}," ",{"text":"-","color":"gray"}," ",{"text":"1% per candle in a stack","color":"light_purple"},"\n",{"text":"Dragon Head","bold":true}," ",{"text":"-","color":"gray"}," ",{"text":"5%","color":"light_purple"}," ",{"text":"(","color":"gray","italic":true},{"text":"doesn't stack","color":"red","italic":true},{"text":")","color":"gray","italic":true},"\n",{"text":"Dragon Egg","bold":true}," ",{"text":"-","color":"gray"}," ",{"text":"17%","color":"light_purple"}," ",{"text":"(","color":"gray","italic":true},{"text":"doesn't stack","color":"red","italic":true},{"text":")","color":"gray","italic":true},"\n",{"text":"Brewing Stand","bold":true}," ",{"text":"-","color":"gray"}," ",{"text":"5%","color":"light_purple"},"\n",{"text":"Heavy Core","bold":true}," ",{"text":"-","color":"gray"}," ",{"text":"7%","color":"light_purple"},"\n",{"text":"Beacon","bold":true}," ",{"text":"-","color":"gray"}," ",{"text":"10%","color":"light_purple"}," ",{"text":"(","color":"gray","italic":true},{"text":"doesn't stack","color":"red","italic":true},{"text":")","color":"gray","italic":true},"\n",{"text":"Conduit","bold":true}," ",{"text":"-","color":"gray"}," ",{"text":"12%","color":"light_purple"}," ",{"text":"(","color":"gray","italic":true},{"text":"doesn't stack","color":"red","italic":true},{"text":")","color":"gray","italic":true},"\n",{"text":"All Prismarine Blocks","bold":true}," ",{"text":"-","color":"gray"}," ",{"text":"2%","color":"light_purple"},"\n",{"text":"Ancient Debris","bold":true}," ",{"text":"-","color":"gray"}," ",{"text":"2%","color":"light_purple"}]}}]],[["",{"text":"Rectification","color":"#ffed89"}," is a calming force, which reduces ",{"text":"Quanta","color":"#f94242"},"'s negative influence.\n\n50% Rectification and 100% Quanta would mean that the amplification potential is ",{"text":"-25%","color":"red"}," ",{"text":"~ ","color":"dark_gray"},{"text":"50%","color":"green"},".\n",{"text":" Max value:","bold":true,"underlined":true},{"text":" 100% ","underlined":true},"\n\n",{"text":"[List of blocks that amplify ","color":"gray","hover_event":{"action":"show_text","value":["",{"text":"Amethyst Buds/Clusters","bold":true}," ",{"text":"-","color":"gray"}," ",{"text":"+1%, +2%, +3% and +4% respectively for each growth stage","color":"yellow"},"\n",{"text":"Amethyst Block","bold":true}," ",{"text":"-","color":"gray"}," ",{"text":"+4%","color":"yellow"},"\n",{"text":"Honeycomb Block","bold":true}," ",{"text":"-","color":"gray"}," ",{"text":"+8%","color":"yellow"},"\n",{"text":"Dragon Egg","bold":true}," ",{"text":"-","color":"gray"}," ",{"text":"+15%","color":"yellow"}," ",{"text":"(","color":"gray","italic":true},{"text":"doesn't stack","color":"red","italic":true},{"text":")","color":"gray","italic":true},"\n",{"text":"Beacon","bold":true}," ",{"text":"-","color":"gray"}," ",{"text":"+15%","color":"yellow"}," ",{"text":"(","color":"gray","italic":true},{"text":"doesn't stack","color":"red","italic":true},{"text":")","color":"gray","italic":true},"\n",{"text":"Heavy Core","bold":true}," ",{"text":"-","color":"gray"}," ",{"text":"+10%","color":"yellow"},"\n",{"text":"All Prismarine Blocks","bold":true}," ",{"text":"-","color":"gray"}," ",{"text":"+4%","color":"yellow"}]}},{"text":"Rectification","color":"#ffed89","hover_event":{"action":"show_text","value":["",{"text":"Amethyst Buds/Clusters","bold":true}," ",{"text":"-","color":"gray"}," ",{"text":"+1%, +2%, +3% and +4% respectively for each growth stage","color":"yellow"},"\n",{"text":"Amethyst Block","bold":true}," ",{"text":"-","color":"gray"}," ",{"text":"+4%","color":"yellow"},"\n",{"text":"Honeycomb Block","bold":true}," ",{"text":"-","color":"gray"}," ",{"text":"+8%","color":"yellow"},"\n",{"text":"Dragon Egg","bold":true}," ",{"text":"-","color":"gray"}," ",{"text":"+15%","color":"yellow"}," ",{"text":"(","color":"gray","italic":true},{"text":"doesn't stack","color":"red","italic":true},{"text":")","color":"gray","italic":true},"\n",{"text":"Beacon","bold":true}," ",{"text":"-","color":"gray"}," ",{"text":"+15%","color":"yellow"}," ",{"text":"(","color":"gray","italic":true},{"text":"doesn't stack","color":"red","italic":true},{"text":")","color":"gray","italic":true},"\n",{"text":"Heavy Core","bold":true}," ",{"text":"-","color":"gray"}," ",{"text":"+10%","color":"yellow"},"\n",{"text":"All Prismarine Blocks","bold":true}," ",{"text":"-","color":"gray"}," ",{"text":"+4%","color":"yellow"}]}},{"text":"]","color":"gray","hover_event":{"action":"show_text","value":["",{"text":"Amethyst Buds/Clusters","bold":true}," ",{"text":"-","color":"gray"}," ",{"text":"+1%, +2%, +3% and +4% respectively for each growth stage","color":"yellow"},"\n",{"text":"Amethyst Block","bold":true}," ",{"text":"-","color":"gray"}," ",{"text":"+4%","color":"yellow"},"\n",{"text":"Honeycomb Block","bold":true}," ",{"text":"-","color":"gray"}," ",{"text":"+8%","color":"yellow"},"\n",{"text":"Dragon Egg","bold":true}," ",{"text":"-","color":"gray"}," ",{"text":"+15%","color":"yellow"}," ",{"text":"(","color":"gray","italic":true},{"text":"doesn't stack","color":"red","italic":true},{"text":")","color":"gray","italic":true},"\n",{"text":"Beacon","bold":true}," ",{"text":"-","color":"gray"}," ",{"text":"+15%","color":"yellow"}," ",{"text":"(","color":"gray","italic":true},{"text":"doesn't stack","color":"red","italic":true},{"text":")","color":"gray","italic":true},"\n",{"text":"Heavy Core","bold":true}," ",{"text":"-","color":"gray"}," ",{"text":"+10%","color":"yellow"},"\n",{"text":"All Prismarine Blocks","bold":true}," ",{"text":"-","color":"gray"}," ",{"text":"+4%","color":"yellow"}]}}]],[["       ",{"text":" Changes ","bold":true,"underlined":true},"\n\nVillagers no longer sell Curses. Treasure enchantments are now listed in ",{"text":"gold","color":"gold","underlined":true},".\n\nMost of vanilla enchantments have been tweaked or rebalanced. Next few pages contain a full list of changes."]],[["",{"text":" • ","color":"gray"},{"text":"Sharpness","color":"#33ccff","hover_event":{"action":"show_text","value":["Can be applied to ",{"text":"Tridents ","color":"aqua"},"and ",{"text":"Maces","color":"gray"},"."]}},"\n",{"text":" • ","color":"gray"},{"text":"Smite/BoA","color":"#33ccff","hover_event":{"action":"show_text","value":["Stack with ",{"text":"Sharpness","color":"green"}," and ",{"text":"each other","color":"green"},". \n\nChanged damage increase from ",{"text":"[","color":"dark_gray"},{"text":"2.5 * level","color":"gray"},{"text":"]","color":"dark_gray"}," to ",{"text":"[","color":"dark_gray"},{"text":"+10% * (level + 1)","color":"gray"},{"text":"]","color":"dark_gray"},".\nBoth enchantments can be applied to ",{"text":"Tridents ","color":"aqua"},"and ",{"text":"Maces","color":"gray"},"."]}},"\n",{"text":" • ","color":"gray"},{"text":"Sweeping Edge","color":"#33ccff","hover_event":{"action":"show_text","value":["",{"text":"Reduced efficiency","color":"red"},"."]}},"\n",{"text":" • ","color":"gray"},{"text":"Protection","color":"#33ccff","hover_event":{"action":"show_text","value":["Reduced base damage reduction per level from ",{"text":"+4%","color":"yellow"}," to ",{"text":"+2.5%","color":"red"},".\nIncreased max level from ",{"text":"IV","color":"yellow"}," to ",{"text":"V","color":"green"},".\n\n",{"text":"This means that maximum damage reduction is now ","color":"gray"},{"text":"50% with full Protection V","color":"dark_red"},{"text":" armor, versus 64% with full Protection IV in vanilla.","color":"gray"}]}},"\n",{"text":" • ","color":"gray"},{"text":"Special Protections","color":"#33ccff","hover_event":{"action":"show_text","value":["Stack with ",{"text":"each other","color":"green"}," and ",{"text":"Protection ","color":"green"},"itself.\n\nReduced damage reduction against their specific damage type from ",{"text":"+8%","color":"yellow"}," to ",{"text":"+3%","color":"red"},".\n\n",{"text":"Blast Protection","color":"gold"}," gives ",{"text":"+5%","color":"red"}," knockback resistance per level compared to vanilla's ",{"text":"15%","color":"yellow"},".\n",{"text":"Fire Protection","color":"gold"}," reduces burn time by ",{"text":"[","color":"dark_gray"},{"text":"-10% + 5% * level","color":"gray"},{"text":"]","color":"dark_gray"},", stacking ",{"text":"multiplicatively ","color":"green"},"instead of ",{"text":"additively","color":"yellow"},".\n\n",{"text":"This means that each specialized Protection enchantment can provide an extra ","color":"dark_gray"},{"text":"48% damage reduction","color":"dark_red"},{"text":" against a given damage type, while in vanilla it is 80%.","color":"dark_gray"}]}},"\n",{"text":" • ","color":"gray"},{"text":"Feather Falling","color":"#33ccff","hover_event":{"action":"show_text","value":["Reworked to reduce taken fall damage by ",{"text":"[","color":"dark_gray"},{"text":"5% * (level + 1)","color":"gray"},{"text":"]","color":"dark_gray"}," and increase safe fall distance by ",{"text":"[","color":"dark_gray"},{"text":"1 + level * 2","color":"gray"},{"text":"]","color":"dark_gray"}," blocks."]}},"\n",{"text":" • ","color":"gray"},{"text":"Unbreaking","color":"#33ccff","hover_event":{"action":"show_text","value":["Slighlty ",{"text":"nerfed ","color":"red"},"Ubreaking ",{"text":"on tools","color":"red"}," and ",{"text":"buffed ","color":"green"},"the effect ",{"text":"on armor","color":"green"},".\n\nChance to not damage the enchanted item:\n   • Tools:\n      • Old: ",{"text":"level / level + ","color":"gray"},{"text":"1","color":"yellow"},"\n      • New: ",{"text":"level / level + ","color":"gray"},{"text":"2","color":"red"},"\n   • Armor:\n      • Old: ",{"text":"level * 2 / level * ","color":"gray"},{"text":"5","color":"yellow"},{"text":" + ","color":"gray"},{"text":"5","color":"yellow"},"\n      • New: ",{"text":"level * 2 / level * ","color":"gray"},{"text":"4","color":"green"},{"text":" + ","color":"gray"},{"text":"4","color":"green"},"\n\nUnbreaking now also scales to level V."]}},"\n",{"text":" • ","color":"gray"},{"text":"Mending","color":"#33ccff","hover_event":{"action":"show_text","value":["",{"text":"No longer a treasure enchantment","color":"green"},", can be found in Enchanting Table.\nHas ",{"text":"IV max levels","color":"red"},", with level IV being the same as Mending in Vanilla.\n\n",{"text":"It's also a lot easier to get in the Enchanting Table than other enchantments, only requiring a minimum level of 5. However, it's rarity is rather low when there are a lot of enchantments to pick from and higher levels of Mending are far less common compared to other enchantments.","color":"dark_gray"}]}},"\n",{"text":" • ","color":"gray"},{"text":"Power","color":"#33ccff","hover_event":{"action":"show_text","value":["Can be applied to ",{"text":"Crossbows","color":"#663300"},".\n\n",{"text":"Reduced extra damage","color":"red"},".\n\n",{"text":"I can't say the exact values due to how Arrow damage is calculated, but during my test, Power V arrow damage was reduced from 20 in vanilla to ~13.","color":"dark_gray"}]}},"\n",{"text":" • ","color":"gray"},{"text":"Multishot","color":"gold","hover_event":{"action":"show_text","value":["Now a ",{"text":"treasure ","color":"gold"},"enchantment and can be applied to ",{"text":"Bows","color":"#663300"},".\n\nArrows are shot in a ",{"text":"little bit of a spread","color":"red"}," rather than at ",{"text":"strictly pre-defined angles","color":"yellow"},"."]}},"\n",{"text":" • ","color":"gray"},{"text":"Piercing","color":"#33ccff","hover_event":{"action":"show_text","value":["Can be applied to ",{"text":"Bows","color":"#663300"},"."]}},"\n",{"text":" • ","color":"gray"},{"text":"Flame","color":"#33ccff","hover_event":{"action":"show_text","value":["Can be applied to ",{"text":"Crossbows","color":"#663300"},"."]}},"\n",{"text":" • ","color":"gray"},{"text":"Punch","color":"#33ccff","hover_event":{"action":"show_text","value":["Can be applied to ",{"text":"Crossbows","color":"#663300"},".\n\nReduced knockback by ",{"text":"33%","color":"red"},"."]}}]],[["",{"text":" • ","color":"gray"},{"text":"Infinity","color":"#33ccff","hover_event":{"action":"show_text","value":["",{"text":"Stacks with ","color":"green"},{"text":"Mending","color":"aqua"},", has ",{"text":"III levels","color":"red"}," in total and ",{"text":"conserves all types of Arrows","color":"green"},".\n\nNow has a ",{"text":"[","color":"dark_gray"},{"text":"12% * (level + 1)","color":"gray"},{"text":"]","color":"dark_gray"}," chance to save ammunition rather than ",{"text":"always doing so","color":"yellow"},"."]}},"\n",{"text":" • ","color":"gray"},{"text":"Quick Charge","color":"#33ccff","hover_event":{"action":"show_text","value":["",{"text":"Reduced efficiency","color":"red"}," from ",{"text":"[","color":"dark_gray"},{"text":"25% * level","color":"gray"},{"text":"]","color":"dark_gray"}," to ",{"text":"[","color":"dark_gray"},{"text":"10% * (level + 1)","color":"gray"},{"text":"]","color":"dark_gray"},"."]}},"\n",{"text":" • ","color":"gray"},{"text":"Fire Aspect","color":"#33ccff","hover_event":{"action":"show_text","value":["Has ",{"text":"IV levels","color":"red"}," in total, each level increases burn duration by ",{"text":"2 seconds","color":"red"},".\n\n",{"text":"The max burn duration is still 8 seconds, just sparsed out.","color":"dark_gray"}]}},"\n",{"text":" • ","color":"gray"},{"text":"Lure/LoTS","color":"#33ccff","hover_event":{"action":"show_text","value":["Both enchaments ",{"text":"have an extra level ","color":"green"},"and are ",{"text":"easier to get from a lower-level Enchanting Table","color":"green"},", but at the same time it is ",{"text":"harder to get them in their higher levels","color":"red"},"."]}},"\n",{"text":" • ","color":"gray"},{"text":"Impaling","color":"#33ccff","hover_event":{"action":"show_text","value":["",{"text":"Reworked ","color":"gold"},"to apply against ",{"text":"any mob that is wet","color":"green"}," ",{"text":"(AKA standing in ","color":"gray"},{"text":"water ","color":"aqua"},{"text":"or ","color":"gray"},{"text":"rain","color":"dark_aqua"},{"text":")","color":"dark_gray"},".\n\n",{"text":"Reduced damage","color":"red"}," increase from ",{"text":"[","color":"dark_gray"},{"text":"2.5 * level","color":"gray"},{"text":"]","color":"dark_gray"}," to ",{"text":"[","color":"dark_gray"},{"text":"+10% * (lvl + 1)","color":"gray"},{"text":"]","color":"dark_gray"},"."]}},"\n",{"text":" • ","color":"gray"},{"text":"Loyalty","color":"#33ccff","hover_event":{"action":"show_text","value":["Tridents return ",{"text":"25%","color":"green"}," faster."]}},"\n",{"text":" • ","color":"gray"},{"text":"Riptide","color":"#33ccff","hover_event":{"action":"show_text","value":["Higher levels are ",{"text":"less common","color":"red"}," in the Enchanting Table."]}},"\n",{"text":" • ","color":"gray"},{"text":"Silk Touch","color":"#33ccff","hover_event":{"action":"show_text","value":["Reduced ",{"text":"minimum level requried","color":"green"}," for it to appear in the Enchanting Table."]}},"\n",{"text":" • ","color":"gray"},{"text":"Thorns","color":"#33ccff","hover_event":{"action":"show_text","value":["",{"text":"Reworked ","color":"gold"},"to scale better with levels.\n\n",{"text":"Now exclusively a Chestplate enchantment","color":"red"}," ",{"text":"(","color":"dark_gray"},{"text":"since it doesn't stack well with other armor pieces","color":"gray"},{"text":")","color":"dark_gray"},".\n",{"text":"Changed damage","color":"yellow"}," from ",{"text":"[","color":"dark_gray"},{"text":"1 ~ 5","color":"gray"},{"text":"]","color":"dark_gray"}," to ",{"text":"[","color":"dark_gray"},{"text":"(level) ~ (level + 2)","color":"gray"},{"text":"]","color":"dark_gray"},".\n",{"text":"Increased trigger chance","color":"green"}," from ",{"text":"[","color":"dark_gray"},"l",{"text":"evel * 15%","color":"gray"},{"text":"]","color":"dark_gray"}," to ",{"text":"[","color":"dark_gray"},{"text":"20% + level * 15%","color":"gray"},{"text":"]","color":"dark_gray"},".\n",{"text":"No longer decreases armor durability","color":"green"}," when reflecting damage."]}},"\n",{"text":" • ","color":"gray"},{"text":"Depth Strider","color":"#33ccff","hover_event":{"action":"show_text","value":["",{"text":"Reduced efficiency","color":"red"}," from ",{"text":"[","color":"dark_gray"},{"text":"33.4% * level","color":"gray"},{"text":"]","color":"dark_gray"}," to ",{"text":"[","color":"dark_gray"},{"text":"20% * level","color":"gray"},{"text":"]","color":"dark_gray"}," and now has ",{"text":"IV total levels","color":"red"}," instead of ",{"text":"III","color":"yellow"},"."]}},"\n",{"text":" • ","color":"gray"},{"text":"Looting","color":"#33ccff","hover_event":{"action":"show_text","value":["Works on ",{"text":"Tridents","color":"aqua"},", ",{"text":"Axes ","color":"red"},"and ",{"text":"Maces","color":"gray"},"."]}},"\n",{"text":" • ","color":"gray"},{"text":"Breach","color":"#33ccff","hover_event":{"action":"show_text","value":["Can be applied to ",{"text":"Axes","color":"red"},".\n\n",{"text":"Reduced efficiency","color":"red"},", from ",{"text":"[","color":"dark_gray"},{"text":"15% * level","color":"gray"},{"text":"]","color":"dark_gray"}," armor penetration to ",{"text":"[","color":"dark_gray"},{"text":"7.5% * (level + 1)","color":"gray"},{"text":"]","color":"dark_gray"},".\n\n",{"text":"Keep in mind that it is still mutually exclusive with ANY damage-increasing enchantments.","color":"dark_gray"}]}},"\n",{"text":" • ","color":"gray"},{"text":"Channeling","color":"#33ccff","hover_event":{"action":"show_text","value":["Can be applied to ",{"text":"Maces","color":"gray"},", ",{"text":"creating lightning bolts on smash attacks during a thunder","color":"green"},".\n\nAlso ",{"text":"provides immunity to electric damage","color":"green"}," while held."]}}]],[["",{"text":" • ","color":"gray"},{"text":"Density","color":"#33ccff","hover_event":{"action":"show_text","value":["Reduced max level from ",{"text":"V","color":"yellow"}," to ",{"text":"III","color":"red"},"."]}},"\n",{"text":" • ","color":"gray"},{"text":"Wind Burst","color":"gold","hover_event":{"action":"show_text","value":["",{"text":"Reduced efficiency","color":"red"}," on all levels and ",{"text":"reduced evel scaling","color":"red"},"."]}}]],[["",{"text":" New Enchantments ","bold":true,"underlined":true},"\n\nNadir adds some new enchantments to the pool too!\n\nNadir adds a total of ",{"text":"21 new ","italic":true},{"text":"enchantments","color":"light_purple","italic":true},{"text":" ","color":"light_purple"},"and ",{"text":"6 new ","italic":true},{"text":"curses","color":"red","italic":true},".\n\nThe next few pages will be dedicated to them."]],[["       ",{"text":" Curses ","bold":true,"underlined":true},"\n\n",{"text":" • ","color":"gray"},{"text":"Anti-Entropy","color":"red","hover_event":{"action":"show_text","value":["Sets the attacker ",{"text":"on fire","color":"gold"},", but applies ",{"text":"strong Slowness","color":"#8bafe0"}," to the wearer."]}},"\n",{"text":" • ","color":"gray"},{"text":"Bulk","color":"red","hover_event":{"action":"show_text","value":["Increases the amount of provided ",{"text":"armor points","color":"gray"}," by ",{"text":"1","color":"green"},", but ",{"text":"decreases movement speed by 15%","color":"red"},", stacking ",{"text":"multiplicatively","color":"red"},".\n\n",{"text":"Is it really worth it?","color":"dark_gray"}]}},"\n",{"text":" • ","color":"gray"},{"text":"Enlargement","color":"red","hover_event":{"action":"show_text","value":["Increases reach by ",{"text":"1.5","color":"green"},", but ",{"text":"reduces attack speed and mining speed by 40%","color":"red"},".\n\n",{"text":"Who would even want to use that...?","color":"dark_gray"}]}},"\n",{"text":" • ","color":"gray"},{"text":"Exhaustion","color":"red","hover_event":{"action":"show_text","value":["",{"text":"Reduces mining speed by 25%","color":"red"},"."]}},"\n",{"text":" • ","color":"gray"},{"text":"Fragility","color":"red","hover_event":{"action":"show_text","value":["",{"text":"33%","color":"red"}," chance for an item to take ",{"text":"double durability damage","color":"red"}," on use."]}},"\n",{"text":" • ","color":"gray"},{"text":"Recklessness","color":"red","hover_event":{"action":"show_text","value":["",{"text":"Increases fall damage by 40%","color":"red"},"."]}}]],[["   ",{"text":" Enchantments ","bold":true,"underlined":true},"\n\n",{"text":" • ","color":"gray"},{"text":"Lucky","color":"gold","hover_event":{"action":"show_text","value":["Increases player's ",{"text":"luck ","color":"dark_green"},"while held.\n\nOnly appliable to tools, ranged and melee weapons."]}},"\n",{"text":" • ","color":"gray"},{"text":"Familiarity","color":"#33ccff","hover_event":{"action":"show_text","value":["",{"text":"Prevents damaging tamed animals","color":"green"}," (",{"text":"Cats","color":"gold"},", ",{"text":"Dogs","color":"gray"},", etc.).\n\nOnly appliable to ranged and melee weapons."]}},"\n",{"text":" • ","color":"gray"},{"text":"Soulbind","color":"#33ccff","hover_event":{"action":"show_text","value":["",{"text":"Saves the item on death","color":"light_purple"}," and ",{"text":"returns it to the player","color":"light_purple"}," after respawning.\n\nCan be applied to pretty much anything. Incompatible with ",{"text":"Curse of Vanishing","color":"red"},"."]}},"\n",{"text":" • ","color":"gray"},{"text":"Illager's Bane","color":"#33ccff","hover_event":{"action":"show_text","value":["Increases damage against all ",{"text":"Illagers ","color":"gray"},"by ",{"text":"[","color":"dark_gray"},{"text":"+10% * (level + 1)","color":"gray"},{"text":"]","color":"dark_gray"},".\n\nStacks with ",{"text":"Sharpness ","color":"#33ccff"},"and other",{"text":" specialized damage enchantments","color":"#33ccff"},"."]}},"\n",{"text":" • ","color":"gray"},{"text":"Swift Strike","color":"#33ccff","hover_event":{"action":"show_text","value":["Increases attack speed by ",{"text":"[","color":"dark_gray"},{"text":"5% + 4% * (level - 1)","color":"gray"},{"text":"]","color":"dark_gray"},".\n\nIncompatible with ",{"text":"Sharpness","color":"red"},"."]}},"\n",{"text":" • ","color":"gray"},{"text":"Flow","color":"#33ccff","hover_event":{"action":"show_text","value":["Increases movement speed in water while held by ",{"text":"[","color":"dark_gray"},{"text":"10% + 20% * level","color":"gray"},{"text":"]","color":"dark_gray"},"."]}},"\n",{"text":" • ","color":"gray"},{"text":"Warp","color":"gold","hover_event":{"action":"show_text","value":["",{"text":"Teleports ","color":"light_purple"},"its owner to ",{"text":"hit blocks","color":"light_purple"},".\n\nIncompatible with ",{"text":"Loyalty ","color":"red"},"as it has ",{"text":"built-in Loyalty III","color":"green"},"."]}},"\n",{"text":" • ","color":"gray"},{"text":"Zephyr","color":"#33ccff","hover_event":{"action":"show_text","value":["Killing a mob with a smash attack has a ",{"text":"[","color":"dark_gray"},{"text":"33.4% * level","color":"gray"},{"text":"]","color":"dark_gray"}," chance to give 1 ",{"text":"Wind Charge","color":"gray"},"."]}},"\n",{"text":" • ","color":"gray"},{"text":"Failsafe","color":"#33ccff","hover_event":{"action":"show_text","value":["Reduces fall damage by ",{"text":"33%","color":"green"}," while held."]}},"\n",{"text":" • ","color":"gray"},{"text":"Sharpshooter","color":"gold","hover_event":{"action":"show_text","value":["Shot Arrows ",{"text":"ignore gravity","color":"light_purple"}," and ",{"text":"travel in a straight line","color":"light_purple"},"."]}},"\n",{"text":" • ","color":"gray"},{"text":"Endless Quiver","color":"gold","hover_event":{"action":"show_text","value":["",{"text":"Stronger ","color":"green"},"variant of ",{"text":"Infinity ","color":"#33ccff"},"which ",{"text":"ALWAYS saves shot arrows","color":"gold"},".\n\nIncompatible with ",{"text":"Infinity ","color":"red"},"itself."]}}]],[["",{"text":" • ","color":"gray"},{"text":"Reach","color":"#33ccff","hover_event":{"action":"show_text","value":["Increases ",{"text":"tool reach","color":"light_purple"}," by ",{"text":"1 block","color":"green"}," and then by ",{"text":"0.5 blocks","color":"green"}," for every consecutive level."]}},"\n",{"text":" • ","color":"gray"},{"text":"Magic Protection","color":"#33ccff","hover_event":{"action":"show_text","value":["Adds ",{"text":"3%","color":"green"}," damage reduction per level ",{"text":"against ","color":"light_purple"},{"text":"magic","color":"dark_purple"},{"text":"-type damage","color":"light_purple"},".\n\nStacks with all ",{"text":"Protection ","color":"#33ccff"},"variants."]}},"\n",{"text":" • ","color":"gray"},{"text":"Swiftfooted","color":"#33ccff","hover_event":{"action":"show_text","value":["Increases ",{"text":"movement speed","color":"aqua"}," by ",{"text":"[","color":"dark_gray"},{"text":"5% + 2% * (level - 1)","color":"gray"},{"text":"]","color":"dark_gray"},"."]}},"\n",{"text":" • ","color":"gray"},{"text":"Magma Walker","color":"#33ccff","hover_event":{"action":"show_text","value":["",{"text":"Temporarily","underlined":true}," turns ",{"text":"Lava ","color":"red"},"beneath your feet into ",{"text":"Obsidian","color":"dark_purple"},"."]}},"\n",{"text":" • ","color":"gray"},{"text":"Scholar","color":"#33ccff","hover_event":{"action":"show_text","value":["Increases ",{"text":"dropped EXP","color":"yellow"}," by ",{"text":"[","color":"dark_gray"},{"text":"10% + 5% * (level - 1)","color":"gray"},{"text":"]","color":"dark_gray"},".\n\n",{"text":"Stacks additively","color":"green"},"."]}},"\n",{"text":" • ","color":"gray"},{"text":"Grip","color":"#33ccff","hover_event":{"action":"show_text","value":["Increases ",{"text":"knockback resistance","color":"gray"}," by ",{"text":"[","color":"dark_gray"},{"text":"15% + 10% * (level - 1)","color":"gray"},{"text":"]","color":"dark_gray"},"."]}},"\n",{"text":" • ","color":"gray"},{"text":"Spring","color":"#33ccff","hover_event":{"action":"show_text","value":["Increases ",{"text":"jump height","color":"gray"}," and ",{"text":"safe fall distance","color":"gray"},".\n\nIncompatible with ",{"text":"Feather Falling","color":"red"},"."]}},"\n",{"text":" • ","color":"gray"},{"text":"Step","color":"gold","hover_event":{"action":"show_text","value":["Increases ",{"text":"step height","color":"gold"}," by ",{"text":"1","color":"green"},", allowing for auto-stepping blocks without having to jump."]}},"\n",{"text":" • ","color":"gray"},{"text":"Venomous","color":"#33ccff","hover_event":{"action":"show_text","value":["Inflicts ",{"text":"strong Poison ","color":"dark_green"},"onto attacked mobs. Poison duration scales with levels.\n\nIncompatible with ",{"text":"Fire Aspect","color":"red"}," and ",{"text":"Life Steal","color":"red"},"."]}},"\n ",{"text":"• ","color":"gray"},{"text":"Life Steal","color":"#33ccff","hover_event":{"action":"show_text","value":["Slowly steals life from attacked mobs at a ",{"text":"4","color":"green"},{"text":":","color":"gray"},{"text":"5","color":"red"}," ",{"text":"heal ","color":"green"},{"text":"to ","color":"gray"},{"text":"damage ","color":"red"},"ratio.\n\nIncompatbile with ",{"text":"Fire Aspect","color":"red"}," and ",{"text":"Venomous","color":"red"},"."]}}]],[["    ",{"text":" ","bold":true,"underlined":true},{"text":"Repair Cost ","bold":true,"underlined":true},"\n\nBy default, ",{"text":"Nadir removes Anvil repair costs completely","italic":true},". This allows for a lot more flexibility with applying enchantments.\n\nIt also allows for ",{"text":"renaming ","italic":true},"and ",{"text":"repairing heavily enchanted items","italic":true},"."]],[["This can be",{"text":" ","italic":true},{"text":"disabled","italic":true,"color":"red","click_event":{"action":"copy_to_clipboard","value":"scoreboard players set #nadir.config nadir.config.remove_repair_cost 0"},"hover_event":{"action":"show_text","value":"Click to copy 'disable' command to clipboard"}}," and then all repair costs will follow the default behavior. It is ",{"text":"not recommended","underlined":true}," due to how quickly vanilla's cap can become a problem."]],[["   ",{"text":" Animal Armor ","underlined":true,"bold":true},"\n\nNadir ",{"text":"allows Wolf and Horse armor to be enchanted","italic":true}," in an ",{"text":"Anvil","bold":true},".\n\nHover ",{"text":"here ","hover_event":{"action":"show_text","value":["",{"text":"All Protection variants","bold":true}," ",{"text":"(","italic":true,"color":"gray"},{"text":"Horse","italic":true,"color":"gold"},{"text":")","italic":true,"color":"gray"},"\n",{"text":"They are also 4x as efficient on a Horse Armor.","italic":true,"color":"gray"},"\n",{"text":"Mending","bold":true},{"text":",","color":"gray"}," ",{"text":"Unbreaking ","bold":true},{"text":"(","italic":true,"color":"gray"},{"text":"Wolf","italic":true,"color":"gold"},{"text":")","italic":true,"color":"gray"},"\n",{"text":"Depth Strider\nFrost Walker\nRespiration\nGrip\nSwiftfooted\nStep\nSpring\nThorns\nFeather Falling\nSoul Speed","bold":true}]},"color":"#33ccff"},"for a list of compatible enchantments."]]
							],
							"mode": "replace_all"
						}
					]
				}
			]
		}
	]
}
