{
	"display": {
		"icon": {
			"id": "minecraft:enchanting_table",
			"count": 1
		},
		"title": {
			"translate": "advancements.nadir.root.title",
			"fallback": "Nadir",
			"color": "#69359c"
		},
		"description": {
			"translate": "advancements.nadir.root.description",
			"fallback": "Add a little bit of magic to your world"
		},
		"background": "minecraft:block/obsidian",
		"frame": "task",
		"show_toast": false,
		"announce_to_chat": false,
		"hidden": false
	},
	"criteria": {
		"craft_enchanting_table": {
			"trigger": "minecraft:inventory_changed",
			"conditions": {
				"items": [
					{
						"items": "#nadir:enchanting_table"
					}
				]
			}
		}
	},
	"requirements": [
		[
			"craft_enchanting_table"
		]
	],
	"sends_telemetry_event": false
}
