{
	"description": {
		"translate": "enchantment.nadir.anti_entropy_curse",
		"fallback": "Curse of Anti-Entropy"
	},
	"supported_items": "#minecraft:enchantable/armor",
	"weight": 1,
	"max_level": 1,
	"min_cost": {
		"base": 15,
		"per_level_above_first": 0
	},
	"max_cost": {
		"base": 35,
		"per_level_above_first": 0
	},
	"anvil_cost": 8,
	"slots": [
		"armor"
	],
	"effects": {
		"minecraft:post_attack": [
			{
				"enchanted": "victim",
				"affected": "attacker",
				"effect": {
					"type": "minecraft:ignite",
					"duration": 6
				}
			},
			{
				"enchanted": "victim",
				"affected": "victim",
				"effect": {
					"type": "minecraft:apply_mob_effect",
					"to_apply": "minecraft:slowness",
					"min_duration": 6,
					"max_duration": 18,
					"min_amplifier": 0,
					"max_amplifier": 1
				}
			}
		]
	}
}
