{
	"description": {
		"translate": "enchantment.nadir.exhaustion_curse",
		"fallback": "Curse of Exhaustion"
	},
	"exclusive_set": [
		"nadir:enlargement_curse"
	],
	"supported_items": "#minecraft:enchantable/mining",
	"weight": 1,
	"max_level": 1,
	"min_cost": {
		"base": 20,
		"per_level_above_first": 0
	},
	"max_cost": {
		"base": 50,
		"per_level_above_first": 0
	},
	"anvil_cost": 8,
	"slots": [
		"mainhand"
	],
	"effects": {
		"minecraft:attributes": [
			{
				"id": "nadir:enchantment.exhaustion_curse",
				"attribute": "minecraft:block_break_speed",
				"amount": -0.25,
				"operation": "add_multiplied_total"
			}
		]
	}
}
