{
    "description": {
        "translate": "enchantment.nadir.familiarity",
        "fallback": "Familiarity"
    },
    "supported_items": "#nadir:enchantable/every_weapon",
    "weight": 2,
    "max_level": 1,
    "min_cost": {
        "base": 1,
        "per_level_above_first": 0
    },
    "max_cost": {
        "base": 41,
        "per_level_above_first": 0
    },
    "anvil_cost": 1,
    "slots": [
        "mainhand"
    ],
    "effects": {
        "minecraft:damage": [
            {
                "effect": {
                    "type": "minecraft:multiply",
                    "factor": 0
                },
                "requirements": {
                    "condition": "minecraft:any_of",
                    "terms": [
                        {
                            "condition": "minecraft:entity_properties",
                            "entity": "this",
                            "predicate": {
                                "nbt": "{Sitting:1b}"
                            }
                        },
                        {
                            "condition": "minecraft:entity_properties",
                            "entity": "this",
                            "predicate": {
                                "nbt": "{Sitting:0b}"
                            }
                        },
                        {
                            "condition": "minecraft:entity_properties",
                            "entity": "this",
                            "predicate": {
                                "nbt": "{Tame:1b}"
                            }
                        },
                        {
                            "condition": "minecraft:entity_properties",
                            "entity": "this",
                            "predicate": {
                                "equipment": {
                                    "body": {
                                        "items": "minecraft:wolf_armor"
                                    }
                                }
                            }
                        }
                    ]
                }
            }
        ]
    }
}