{
	"description": {
		"translate": "enchantment.nadir.flow",
		"fallback": "Flow"
	},
	"supported_items": "#minecraft:enchantable/trident",
	"weight": 5,
	"max_level": 3,
	"min_cost": {
		"base": 12,
		"per_level_above_first": 7
	},
	"max_cost": {
		"base": 50,
		"per_level_above_first": 5
	},
	"anvil_cost": 3,
	"slots": [
		"mainhand"
	],
	"effects": {
		"minecraft:attributes": [
			{
				"id": "nadir:enchantment.flow",
				"attribute": "minecraft:water_movement_efficiency",
				"amount": {
					"type": "minecraft:linear",
					"base": 0.3,
					"per_level_above_first": 0.2
				},
				"operation": "add_value"
			}
		],
		"minecraft:tick": [
			{
				"effect": {
					"type": "minecraft:spawn_particles",
					"particle": {
						"type": "minecraft:ominous_spawning"
					},
					"horizontal_position": {
						"type": "in_bounding_box"
					},
					"vertical_position": {
						"type": "in_bounding_box"
					},
					"horizontal_velocity": {},
					"vertical_velocity": {},
					"speed": 0
				},
				"requirements": {
					"condition": "minecraft:entity_properties",
					"entity": "this",
					"predicate": {
						"location": {
							"fluid": {
								"fluids": "#minecraft:water"
							}
						},
						"flags": {
							"is_swimming": true
						}
					}
				}
			},
			{
				"effect": {
					"type": "minecraft:spawn_particles",
					"particle": {
						"type": "minecraft:trial_spawner_detection_ominous"
					},
					"horizontal_position": {
						"type": "in_bounding_box"
					},
					"vertical_position": {
						"type": "in_bounding_box"
					},
					"horizontal_velocity": {},
					"vertical_velocity": {},
					"speed": 0
				},
				"requirements": {
					"condition": "minecraft:entity_properties",
					"entity": "this",
					"predicate": {
						"location": {
							"fluid": {
								"fluids": "#minecraft:water"
							}
						},
						"flags": {
							"is_swimming": false
						}
					}
				}
			}
		]
	}
}
