{
	"description": {
		"translate": "enchantment.nadir.fragility_curse",
		"fallback": "Curse of Fragility"
	},
	"exclusive_set": [
		"minecraft:unbreaking"
	],
	"supported_items": "#minecraft:enchantable/durability",
	"weight": 1,
	"max_level": 1,
	"min_cost": {
		"base": 15,
		"per_level_above_first": 0
	},
	"max_cost": {
		"base": 75,
		"per_level_above_first": 0
	},
	"anvil_cost": 8,
	"slots": [
		"any"
	],
	"effects": {
		"minecraft:item_damage": [
			{
				"effect": {
					"type": "minecraft:add",
					"value": {
						"type": "minecraft:linear",
						"base": 1,
						"per_level_above_first": 1
					}
				},
				"requirements": {
					"condition": "minecraft:random_chance",
					"chance": {
						"type": "minecraft:enchantment_level",
						"amount": {
							"type": "minecraft:linear",
							"base": 0.33333,
							"per_level_above_first": 0.11111
						}
					}
				}
			}
		]
	}
}
