{
	"description": {
		"translate": "enchantment.nadir.lucky",
		"fallback": "Lucky",
		"color": "gold"
	},
	"supported_items": "#nadir:enchantable/lucky_enchant",
	"weight": 5,
	"max_level": 1,
	"min_cost": {
		"base": 30,
		"per_level_above_first": 0
	},
	"max_cost": {
		"base": 75,
		"per_level_above_first": 0
	},
	"anvil_cost": 8,
	"slots": [
		"mainhand"
	],
	"effects": {
		"minecraft:attributes": [
			{
				"attribute": "minecraft:luck",
				"amount": {
					"type": "minecraft:linear",
					"base": 1,
					"per_level_above_first": 1
				},
				"operation": "add_value",
				"id": "nadir:enchantment.lucky"
			}
		]
	}
}
