{
	"description": {
		"translate": "enchantment.nadir.magma_walker",
		"fallback": "Magma Walker",
		"color": "gold"
	},
	"supported_items": "#minecraft:enchantable/foot_armor",
	"weight": 3,
	"max_level": 2,
	"min_cost": {
		"base": 25,
		"per_level_above_first": 0
	},
	"max_cost": {
		"base": 70,
		"per_level_above_first": 0
	},
	"anvil_cost": 8,
	"slots": [
		"feet"
	],
	"effects": {
		"minecraft:tick": [
			{
				"effect": {
					"type": "minecraft:run_function",
					"function": "nadir:enchantments/magma_walker/walk"
				},
				"requirements": {
					"condition": "minecraft:entity_properties",
					"entity": "this",
					"predicate": {
						"location": {
							"block": {
								"blocks": [
									"minecraft:air",
									"minecraft:cave_air"
								]
							}
						},
						"periodic_tick": 2
					}
				}
			}
		]
	}
}
