{
	"description": {
		"translate": "enchantment.nadir.recklessness_curse",
		"fallback": "Curse of Recklessness"
	},
	"exclusive_set": [
		"minecraft:feather_falling"
	],
	"supported_items": "#minecraft:enchantable/foot_armor",
	"weight": 1,
	"max_level": 1,
	"min_cost": {
		"base": 15,
		"per_level_above_first": 0
	},
	"max_cost": {
		"base": 50,
		"per_level_above_first": 0
	},
	"anvil_cost": 8,
	"slots": [
		"armor"
	],
	"effects": {
		"minecraft:attributes": [
			{
				"id": "nadir:enchantment.recklessness_curse",
				"attribute": "minecraft:fall_damage_multiplier",
				"amount": 0.4,
				"operation": "add_multiplied_total"
			}
		]
	}
}
