{
	"description": {
		"translate": "enchantment.nadir.swiftfooted",
		"fallback": "Swiftfooted"
	},
	"supported_items": "#nadir:enchantable/foot_and_animal",
	"weight": 5,
	"max_level": 5,
	"min_cost": {
		"base": 3,
		"per_level_above_first": 14
	},
	"max_cost": {
		"base": 15,
		"per_level_above_first": 18
	},
	"anvil_cost": 3,
	"slots": [
		"armor"
	],
	"effects": {
		"minecraft:attributes": [
			{
				"id": "nadir:enchantment.swiftfooted",
				"attribute": "minecraft:movement_speed",
				"amount": {
					"type": "minecraft:linear",
					"base": 0.05,
					"per_level_above_first": 0.02
				},
				"operation": "add_multiplied_base"
			}
		],
		"minecraft:tick": [
			{
				"effect": {
					"type": "minecraft:spawn_particles",
					"particle": {
						"type": "minecraft:ominous_spawning"
					},
					"horizontal_position": {
						"type": "in_bounding_box"
					},
					"vertical_position": {
						"type": "entity_position",
						"offset": 0.1
					},
					"horizontal_velocity": {},
					"vertical_velocity": {},
					"speed": 0.1
				},
				"requirements": {
					"condition": "minecraft:entity_properties",
					"entity": "this",
					"predicate": {
						"type": "#nadir:horses_and_wolves",
						"movement": {
							"horizontal_speed": {
								"min": 0.01
							},
							"vertical_speed": 0
						}
					}
				}
			},
			{
				"effect": {
					"type": "minecraft:spawn_particles",
					"particle": {
						"type": "minecraft:ominous_spawning"
					},
					"horizontal_position": {
						"type": "in_bounding_box"
					},
					"vertical_position": {
						"type": "entity_position",
						"offset": 0.1
					},
					"horizontal_velocity": {},
					"vertical_velocity": {},
					"speed": 0.1
				},
				"requirements": {
					"condition": "minecraft:entity_properties",
					"entity": "this",
					"predicate": {
						"type": "minecraft:player",
						"flags": {
							"is_sneaking": false,
							"is_sprinting": true,
							"is_swimming": false,
							"is_flying": false
						}
					}
				}
			}
		]
	}
}
