{
	"description": {
		"translate": "enchantment.nadir.venomous",
		"fallback": "Venomous"
	},
	"exclusive_set": [
		"minecraft:fire_aspect",
		"nadir:life_steal"
	],
	"supported_items": "#minecraft:enchantable/weapon",
	"weight": 2,
	"max_level": 4,
	"min_cost": {
		"base": 6,
		"per_level_above_first": 20
	},
	"max_cost": {
		"base": 60,
		"per_level_above_first": 20
	},
	"anvil_cost": 2,
	"slots": [
		"mainhand"
	],
	"effects": {
		"minecraft:post_attack": [
			{
				"enchanted": "attacker",
				"affected": "victim",
				"effect": {
					"type": "minecraft:apply_mob_effect",
					"to_apply": "minecraft:poison",
					"min_duration": {
						"type": "minecraft:linear",
						"base": 1,
						"per_level_above_first": 0.5
					},
					"max_duration": {
						"type": "minecraft:linear",
						"base": 2,
						"per_level_above_first": 0.75
					},
					"min_amplifier": 1,
					"max_amplifier": 1
				},
				"requirements": {
					"condition": "minecraft:damage_source_properties",
					"predicate": {
						"is_direct": true
					}
				}
			}
		]
	}
}
