{
	"description": {
		"translate": "enchantment.nadir.warp",
		"fallback": "Warp",
		"color": "gold"
	},
	"exclusive_set": [
		"minecraft:riptide",
		"minecraft:loyalty"
	],
	"supported_items": "#minecraft:enchantable/trident",
	"weight": 5,
	"max_level": 1,
	"min_cost": {
		"base": 45,
		"per_level_above_first": 0
	},
	"max_cost": {
		"base": 75,
		"per_level_above_first": 0
	},
	"anvil_cost": 10,
	"slots": [
		"mainhand"
	],
	"effects": {
		"minecraft:hit_block": [
			{
				"effect": {
					"type": "minecraft:run_function",
					"function": "nadir:enchantments/warp/teleport"
				},
				"requirements": {
					"condition": "minecraft:entity_properties",
					"entity": "this",
					"predicate": {
						"type": "minecraft:trident"
					}
				}
			}
		],
		"minecraft:trident_return_acceleration": [
			{
				"effect": {
					"type": "minecraft:set",
					"value": 3
				}
			}
		]
	}
}
