{
	"description": {
		"translate": "enchantment.minecraft.depth_strider"
	},
	"exclusive_set": "#minecraft:exclusive_set/boots",
	"supported_items": "#nadir:enchantable/foot_and_animal",
	"weight": 2,
	"max_level": 4,
	"min_cost": {
		"base": 10,
		"per_level_above_first": 10
	},
	"max_cost": {
		"base": 25,
		"per_level_above_first": 10
	},
	"anvil_cost": 4,
	"slots": [
		"armor"
	],
	"effects": {
		"minecraft:attributes": [
			{
				"attribute": "minecraft:water_movement_efficiency",
				"amount": {
					"type": "minecraft:linear",
					"base": 0.2,
					"per_level_above_first": 0.2
				},
				"id": "minecraft:enchantment.depth_strider",
				"operation": "add_value"
			}
		]
	}
}
