{
	"description": {
		"translate": "enchantment.minecraft.fire_aspect"
	},
	"supported_items": "#minecraft:enchantable/fire_aspect",
	"weight": 2,
	"max_level": 4,
	"min_cost": {
		"base": 6,
		"per_level_above_first": 20
	},
	"max_cost": {
		"base": 60,
		"per_level_above_first": 20
	},
	"anvil_cost": 2,
	"slots": [
		"mainhand"
	],
	"effects": {
		"minecraft:post_attack": [
			{
				"enchanted": "attacker",
				"affected": "victim",
				"effect": {
					"type": "minecraft:ignite",
					"duration": {
						"type": "minecraft:linear",
						"base": 2,
						"per_level_above_first": 2
					}
				},
				"requirements": {
					"condition": "minecraft:damage_source_properties",
					"predicate": {
						"is_direct": true
					}
				}
			}
		]
	}
}
