{
	"description": {
		"translate": "enchantment.minecraft.knockback"
	},
	"supported_items": "#minecraft:enchantable/sword",
	"weight": 5,
	"max_level": 2,
	"min_cost": {
		"base": 6,
		"per_level_above_first": 17
	},
	"max_cost": {
		"base": 55,
		"per_level_above_first": 17
	},
	"anvil_cost": 2,
	"slots": [
		"mainhand"
	],
	"effects": {
		"minecraft:knockback": [
			{
				"effect": {
					"type": "minecraft:add",
					"value": {
						"type": "minecraft:linear",
						"base": 0.66,
						"per_level_above_first": 0.66
					}
				}
			}
		]
	}
}
