{
	"description": {
		"translate": "enchantment.minecraft.looting"
	},
	"supported_items": "#minecraft:enchantable/weapon",
	"weight": 2,
	"max_level": 3,
	"min_cost": {
		"base": 15,
		"per_level_above_first": 10
	},
	"max_cost": {
		"base": 65,
		"per_level_above_first": 10
	},
	"anvil_cost": 4,
	"slots": [
		"mainhand"
	],
	"effects": {
		"minecraft:equipment_drops": [
			{
				"enchanted": "attacker",
				"effect": {
					"type": "minecraft:add",
					"value": {
						"type": "minecraft:linear",
						"base": 0.01,
						"per_level_above_first": 0.01
					}
				},
				"requirements": {
					"condition": "minecraft:entity_properties",
					"entity": "attacker",
					"predicate": {
						"type": "minecraft:player"
					}
				}
			}
		]
	}
}
