{
	"description": {
		"translate": "enchantment.minecraft.lure"
	},
	"supported_items": "#minecraft:enchantable/fishing",
	"weight": 2,
	"max_level": 4,
	"min_cost": {
		"base": 9,
		"per_level_above_first": 15
	},
	"max_cost": {
		"base": 65,
		"per_level_above_first": 9
	},
	"anvil_cost": 4,
	"slots": [
		"mainhand"
	],
	"effects": {
		"minecraft:fishing_time_reduction": [
			{
				"effect": {
					"type": "minecraft:add",
					"value": {
						"type": "minecraft:linear",
						"base": 5,
						"per_level_above_first": 5
					}
				}
			}
		]
	}
}
