{
	"description": {
		"translate": "enchantment.minecraft.piercing"
	},
	"exclusive_set": "#minecraft:exclusive_set/crossbow",
	"supported_items": "#nadir:enchantable/ranged",
	"weight": 5,
	"max_level": 4,
	"min_cost": {
		"base": 2,
		"per_level_above_first": 14
	},
	"max_cost": {
		"base": 30,
		"per_level_above_first": 15
	},
	"anvil_cost": 1,
	"slots": [
		"mainhand"
	],
	"effects": {
		"minecraft:projectile_piercing": [
			{
				"effect": {
					"type": "minecraft:add",
					"value": {
						"type": "minecraft:linear",
						"base": 1,
						"per_level_above_first": 1
					}
				}
			}
		]
	}
}
