{
	"description": {
		"translate": "enchantment.minecraft.power"
	},
	"supported_items": "#nadir:enchantable/ranged",
	"weight": 9,
	"max_level": 5,
	"min_cost": {
		"base": 1,
		"per_level_above_first": 12
	},
	"max_cost": {
		"base": 16,
		"per_level_above_first": 14
	},
	"anvil_cost": 2,
	"slots": [
		"mainhand"
	],
	"effects": {
		"minecraft:damage": [
			{
				"effect": {
					"type": "minecraft:add",
					"value": {
						"type": "minecraft:linear",
						"base": 0.33,
						"per_level_above_first": 0.33
					}
				},
				"requirements": {
					"condition": "minecraft:entity_properties",
					"entity": "direct_attacker",
					"predicate": {
						"type": "#minecraft:arrows"
					}
				}
			}
		]
	}
}
