{
	"description": {
		"translate": "enchantment.minecraft.protection"
	},
	"supported_items": "#nadir:enchantable/armor_and_animal",
	"weight": 8,
	"max_level": 5,
	"min_cost": {
		"base": 1,
		"per_level_above_first": 14
	},
	"max_cost": {
		"base": 15,
		"per_level_above_first": 15
	},
	"anvil_cost": 3,
	"slots": [
		"armor"
	],
	"effects": {
		"minecraft:damage_protection": [
			{
				"effect": {
					"type": "minecraft:add",
					"value": {
						"type": "minecraft:linear",
						"base": 0.625,
						"per_level_above_first": 0.625
					}
				},
				"requirements": {
					"condition": "minecraft:all_of",
					"terms": [
						{
							"condition": "minecraft:inverted",
							"term": {
								"condition": "minecraft:entity_properties",
								"entity": "this",
								"predicate": {
									"type": "#nadir:horses"
								}
							}
						},
						{
							"condition": "minecraft:damage_source_properties",
							"predicate": {
								"tags": [
									{
										"id": "minecraft:bypasses_invulnerability",
										"expected": false
									}
								]
							}
						}
					]
				}
			},
			{
				"effect": {
					"type": "minecraft:add",
					"value": {
						"type": "minecraft:linear",
						"base": 2.5,
						"per_level_above_first": 2.5
					}
				},
				"requirements": {
					"condition": "minecraft:all_of",
					"terms": [
						{
							"condition": "minecraft:entity_properties",
							"entity": "this",
							"predicate": {
								"type": "#nadir:horses"
							}
						},
						{
							"condition": "minecraft:damage_source_properties",
							"predicate": {
								"tags": [
									{
										"id": "minecraft:bypasses_invulnerability",
										"expected": false
									}
								]
							}
						}
					]
				}
			}
		]
	}
}
