{
	"description": {
		"translate": "enchantment.minecraft.punch"
	},
	"supported_items": "#nadir:enchantable/ranged",
	"weight": 5,
	"max_level": 2,
	"min_cost": {
		"base": 10,
		"per_level_above_first": 13
	},
	"max_cost": {
		"base": 37,
		"per_level_above_first": 20
	},
	"anvil_cost": 4,
	"slots": [
		"mainhand"
	],
	"effects": {
		"minecraft:knockback": [
			{
				"effect": {
					"type": "minecraft:add",
					"value": {
						"type": "minecraft:linear",
						"base": 0.6666,
						"per_level_above_first": 0.6666
					}
				},
				"requirements": {
					"condition": "minecraft:entity_properties",
					"entity": "direct_attacker",
					"predicate": {
						"type": "#minecraft:arrows"
					}
				}
			}
		]
	}
}
