{
	"description": {
		"translate": "enchantment.minecraft.quick_charge"
	},
	"supported_items": "#minecraft:enchantable/crossbow",
	"weight": 5,
	"max_level": 3,
	"min_cost": {
		"base": 8,
		"per_level_above_first": 11
	},
	"max_cost": {
		"base": 50,
		"per_level_above_first": 0
	},
	"anvil_cost": 2,
	"slots": [
		"mainhand"
	],
	"effects": {
		"minecraft:crossbow_charge_time": {
			"type": "minecraft:add",
			"value": {
				"type": "minecraft:linear",
				"base": -0.2,
				"per_level_above_first": -0.1
			}
		},
		"minecraft:crossbow_charging_sounds": [
			{
				"start": "minecraft:item.crossbow.quick_charge_1",
				"end": "minecraft:item.crossbow.loading_end"
			},
			{
				"start": "minecraft:item.crossbow.quick_charge_2",
				"end": "minecraft:item.crossbow.loading_end"
			},
			{
				"start": "minecraft:item.crossbow.quick_charge_3",
				"end": "minecraft:item.crossbow.loading_end"
			}
		]
	}
}
