{
	"description": {
		"translate": "enchantment.minecraft.riptide"
	},
	"exclusive_set": "#minecraft:exclusive_set/riptide",
	"supported_items": "#minecraft:enchantable/trident",
	"weight": 2,
	"max_level": 3,
	"min_cost": {
		"base": 17,
		"per_level_above_first": 11
	},
	"max_cost": {
		"base": 50,
		"per_level_above_first": 8
	},
	"anvil_cost": 4,
	"slots": [
		"hand"
	],
	"effects": {
		"minecraft:trident_sound": [
			"minecraft:item.trident.riptide_1",
			"minecraft:item.trident.riptide_2",
			"minecraft:item.trident.riptide_3"
		],
		"minecraft:trident_spin_attack_strength": {
			"type": "minecraft:add",
			"value": {
				"type": "minecraft:linear",
				"base": 1.5,
				"per_level_above_first": 0.75
			}
		}
	}
}
