{
	"description": {
		"translate": "enchantment.minecraft.sharpness"
	},
	"supported_items": "#minecraft:enchantable/weapon",
	"weight": 10,
	"max_level": 5,
	"min_cost": {
		"base": 2,
		"per_level_above_first": 11
	},
	"max_cost": {
		"base": 21,
		"per_level_above_first": 11
	},
	"anvil_cost": 1,
	"slots": [
		"mainhand"
	],
	"effects": {
		"minecraft:damage": [
			{
				"effect": {
					"type": "minecraft:add",
					"value": {
						"type": "minecraft:linear",
						"base": 1,
						"per_level_above_first": 0.5
					}
				}
			}
		]
	}
}
