{
	"description": {
		"translate": "enchantment.minecraft.silk_touch"
	},
	"exclusive_set": "#minecraft:exclusive_set/mining",
	"supported_items": "#minecraft:enchantable/mining_loot",
	"weight": 1,
	"max_level": 1,
	"min_cost": {
		"base": 9,
		"per_level_above_first": 0
	},
	"max_cost": {
		"base": 50,
		"per_level_above_first": 0
	},
	"anvil_cost": 8,
	"slots": [
		"mainhand"
	],
	"effects": {
		"minecraft:block_experience": [
			{
				"effect": {
					"type": "minecraft:set",
					"value": 0
				}
			}
		]
	}
}
