{
	"description": {
		"translate": "enchantment.minecraft.unbreaking"
	},
	"supported_items": "#minecraft:enchantable/durability",
	"weight": 5,
	"max_level": 5,
	"min_cost": {
		"base": 7,
		"per_level_above_first": 13
	},
	"max_cost": {
		"base": 40,
		"per_level_above_first": 15
	},
	"anvil_cost": 2,
	"slots": [
		"any"
	],
	"effects": {
		"minecraft:item_damage": [
			{
				"effect": {
					"type": "minecraft:remove_binomial",
					"chance": {
						"type": "minecraft:fraction",
						"numerator": {
							"type": "minecraft:linear",
							"base": 2,
							"per_level_above_first": 2
						},
						"denominator": {
							"type": "minecraft:linear",
							"base": 8,
							"per_level_above_first": 4
						}
					}
				},
				"requirements": {
					"condition": "minecraft:match_tool",
					"predicate": {
						"items": "#minecraft:enchantable/armor"
					}
				}
			},
			{
				"effect": {
					"type": "minecraft:remove_binomial",
					"chance": {
						"type": "minecraft:fraction",
						"numerator": {
							"type": "minecraft:linear",
							"base": 1,
							"per_level_above_first": 1
						},
						"denominator": {
							"type": "minecraft:linear",
							"base": 3,
							"per_level_above_first": 1
						}
					}
				},
				"requirements": {
					"condition": "minecraft:inverted",
					"term": {
						"condition": "minecraft:match_tool",
						"predicate": {
							"items": "#minecraft:enchantable/armor"
						}
					}
				}
			}
		]
	}
}
