{
	"description": {
		"translate": "enchantment.minecraft.wind_burst",
		"color": "gold"
	},
	"supported_items": "#minecraft:enchantable/mace",
	"weight": 2,
	"max_level": 3,
	"min_cost": {
		"base": 15,
		"per_level_above_first": 9
	},
	"max_cost": {
		"base": 65,
		"per_level_above_first": 9
	},
	"anvil_cost": 4,
	"slots": [
		"mainhand"
	],
	"effects": {
		"minecraft:post_attack": [
			{
				"enchanted": "attacker",
				"affected": "attacker",
				"effect": {
					"type": "minecraft:explode",
					"radius": 2,
					"block_interaction": "trigger",
					"small_particle": {
						"type": "minecraft:gust_emitter_small"
					},
					"large_particle": {
						"type": "minecraft:gust_emitter_large"
					},
					"sound": "minecraft:entity.wind_charge.wind_burst",
					"immune_blocks": "#minecraft:blocks_wind_charge_explosions",
					"knockback_multiplier": {
						"type": "minecraft:linear",
						"base": 1.15,
						"per_level_above_first": 0.15
					}
				},
				"requirements": {
					"condition": "minecraft:entity_properties",
					"entity": "attacker",
					"predicate": {
						"movement": {
							"fall_distance": {
								"min": 1.5
							}
						},
						"flags": {
							"is_flying": false
						}
					}
				}
			}
		],
		"minecraft:attributes": [
			{
				"id": "nadir:enchantments.wind_burst",
				"attribute": "minecraft:explosion_knockback_resistance",
				"amount": -1,
				"operation": "add_multiplied_total"
			}
		]
	}
}
